File size in kB,Write speed in MB/s
600,96.68063164
700,105.2789898
800,105.4574213
900,111.1385527
1000,110.1321583